cliente,direccion,edad_cliente,producto,precio,cantidad,total,estado
Esther Medina,"Calle Morelos 45, Col. Obrera",80,Salsa de Tomate (210g),14.0,2,28.0,pendiente
Esteban Jurado,"Av. Plutarco Elías Calles 120, Col. Granjas México",68,Aceite Vegetal (1L),58.0,1,58.0,pendiente
Tomás Valenzuela,"Av. Insurgentes Sur 1520, Col. Del Valle",31,Harina de Trigo (1kg),22.0,1,22.0,cancelado
Antonia Ruiz,"Calle Campeche 210, Col. Hipódromo",89,Papel Higiénico (4 rollos),34.0,2,68.0,pagado
Esteban Jurado,"Av. Plutarco Elías Calles 120, Col. Granjas México",68,Mayonesa (390g),55.0,2,110.0,cancelado
Esteban Jurado,"Av. Plutarco Elías Calles 120, Col. Granjas México",68,Azúcar Estándar (1kg),30.0,3,90.0,pendiente
Graciela Bernal,"Av. Central 50, Col. Valle de Aragón",36,Jamón de Pavo (250g),58.0,3,174.0,cancelado
Esther Medina,"Calle Morelos 45, Col. Obrera",80,Frijol Negro (1kg),42.0,2,84.0,cancelado
Guadalupe Torres,"Av. Prolongación Paseo de la Reforma 1200, Col. Santa Fe",50,Frijol Negro (1kg),42.0,2,84.0,cancelado
Ignacio Guerrero,"Av. Tecnológico 100, Col. Metepec Centro",56,Aceite Vegetal (1L),58.0,3,174.0,cancelado
Francisco Tapia,"Av. de los Maestros 80, Col. Nueva Santa María",60,Mermelada de Fresa,42.0,4,168.0,pagado
Graciela Bernal,"Av. Central 50, Col. Valle de Aragón",36,Esponja para Trastes,12.0,1,12.0,cancelado
Daniel Méndez,"Av. Central 50, Col. Valle de Aragón",38,Chicharrones de Cerdo,15.0,3,45.0,cancelado
Antonia Ruiz,"Calle Campeche 210, Col. Hipódromo",89,Jugo de Naranja (1L),32.0,4,128.0,cancelado
Guadalupe Torres,"Av. Prolongación Paseo de la Reforma 1200, Col. Santa Fe",50,Esponja para Trastes,12.0,5,60.0,cancelado
Mario Medina,"Boulevard Kukulcán 12.5, Zona Hotelera",64,Arroz Extra (1kg),35.5,5,177.5,pagado
Juan García,"Av. Tecnológico 100, Col. Metepec Centro",31,Atún en Agua (140g),21.0,3,63.0,pagado
Mercedes Ramos,"Calle Rayón 210, Barrio de la Merced",63,Sal de Mesa (1kg),15.5,1,15.5,pendiente
Graciela Bernal,"Av. Central 50, Col. Valle de Aragón",36,Frijol Negro (1kg),42.0,1,42.0,pendiente
Mario Medina,"Boulevard Kukulcán 12.5, Zona Hotelera",64,Jamón de Pavo (250g),58.0,4,232.0,pendiente
